rights_statement,record_count,rights_category
CC-BY-NC-SA Attribution + Noncommercial + ShareAlike,27403,cc_by_nc_sa
Attribution-NonCommercial-ShareAlike License,22783,cc_by_nc_sa
"Creative Commons BY-NC-SA 3.0 NZ. Creative Commons Attribution NonCommercial ShareAlike 3.0 New Zealand. You are free to share, copy, distribute and transmit the work, to remix and adapt the work under the following conditions: you must attribute the work in the manner specified by the author or licensor (but not in any way that suggests that they endorse you or your use of the work). Non-commercial means you may not use this work for commercial purposes, and if you alter, transform, or build upon this work, you may distribute the resulting work only under the same or similar license to this one.",3000,cc_by_nc_sa
"Photo: (c) Emily Roberts, some rights reserved (CC BY-NC-SA);",2262,cc_by_nc_sa
"Photo: (c) leonperrie, some rights reserved (CC BY-NC-SA);",1108,cc_by_nc_sa
"Creative Commons BY-NC-SA 3.0. Creative Commons Attribution NonCommercial ShareAlike 3.0. You are free to share, copy, distribute and transmit the work, to remix and adapt the work under the following conditions: you must attribute the work in the manner specified by the author or licensor (but not in any way that suggests that they endorse you or your use of the work). Non-commercial means you may not use this work for commercial purposes, and if you alter, transform, or build upon this work, you may distribute the resulting work only under the same or similar license to this one.",1098,cc_by_nc_sa
Attribution-NonCommercial-ShareAlike 3.0 New Zealand,607,cc_by_nc_sa
"[""The manuscript images, transcripts and metadata displayed on the Marsden Online Archive site are governed by a Attribution-NonCommercial-ShareAlike 3.0 New Zealand (CC BY-NC-SA 3.0 NZ) copyright agreement (available at http://creativecommons.org/licenses/by-nc-sa/3.0/nz/). Please contact the Hocken Collections, University of Otago Library, Dunedin, New Zealand for more information.""]",599,cc_by_nc_sa
"Photo: (c) Jane Percival, some rights reserved (CC BY-NC-SA);",560,cc_by_nc_sa
"Photo: (c) Vanessa, some rights reserved (CC BY-NC-SA);",533,cc_by_nc_sa
"Photo: (c) Marley Ford, some rights reserved (CC BY-NC-SA);",485,cc_by_nc_sa
"Photo: (c) Susan Wiser, some rights reserved (CC BY-NC-SA);",457,cc_by_nc_sa
Creative Commons Attribution-NonCommercial-ShareAlike 3.0 Unported,407,cc_by_nc_sa
"Photo: (c) Grant, some rights reserved (CC BY-NC-SA);",315,cc_by_nc_sa
Licensed under Creative Commons Attribution-NonCommercial-ShareAlike 3.0 Unported CC BY-NC-SA 3.0 cc https://creativecommons.org/licenses/by-nc-sa/3.0/,266,cc_by_nc_sa
Creative Commons AttributionNoncommercialShare Alike 3.0 New Zealand License.,247,cc_by_nc_sa
"Photo: (c) jacqui-nz, some rights reserved (CC BY-NC-SA);",220,cc_by_nc_sa
"Photo: (c) Mark, some rights reserved (CC BY-NC-SA);",194,cc_by_nc_sa
"Photo: (c) craig wilson, some rights reserved (CC BY-NC-SA);",175,cc_by_nc_sa
"Photo: (c) Gavin Kingsley, some rights reserved (CC BY-NC-SA);",164,cc_by_nc_sa
"Photo: (c) Jordi J. Tablada, some rights reserved (CC BY-NC-SA);",150,cc_by_nc_sa
"Photo: (c) c michael hogan, some rights reserved (CC BY-NC-SA);",144,cc_by_nc_sa
"Photo: (c) Christopher Tracey, some rights reserved (CC BY-NC-SA);",138,cc_by_nc_sa
CC BY-NC-SA (All metadata for this Directory of Open Access Journals record is available under the Creative Commons Attribution-ShareAlike License (CC BY-SA).),130,cc_by_nc_sa
"Photo: (c) DM, some rights reserved (CC BY-NC-SA);",130,cc_by_nc_sa
"Photo: (c) Leon Perrie, some rights reserved (CC BY-NC-SA);",123,cc_by_nc_sa
"Photo: (c) bernard smith, some rights reserved (CC BY-NC-SA);",113,cc_by_nc_sa
"Photo: (c) mothermole, some rights reserved (CC BY-NC-SA);",111,cc_by_nc_sa
"Photo: (c) Ember Song, some rights reserved (CC BY-NC-SA);",104,cc_by_nc_sa
Attribution - Non-commercial - Share Alike (cc),98,cc_by_nc_sa
"Creative Commons BY-NC-SA 2.0. Creative Commons Attribution NonCommercial ShareAlike 2.0. You are free to share, copy, distribute and transmit the work, or to remix and adapt the work, under the following conditions: you must attribute the work in the manner specified by the author or licensor (but not in any way that suggests that they endorse you or your use of the work), you may not use this work for commercial purposes, and if you alter, transform, or build upon this work, you may distribute the resulting work only under the same or similar license to this one.",96,cc_by_nc_sa
"Photo: (c) Tiffany Kosch, some rights reserved (CC BY-NC-SA);",94,cc_by_nc_sa
Attribution-NonCommercial-ShareAlike 4.0 International,88,cc_by_nc_sa
CC BY-NC-SA 4.0,78,cc_by_nc_sa
"Photo: (c) Aya, some rights reserved (CC BY-NC-SA);",72,cc_by_nc_sa
Licensed under Creative Commons Attribution-NonCommercial-ShareAlike 3.0 New Zealand CC BY-NC-SA 3.0 NZ cc https://creativecommons.org/licenses/by-nc-sa/3.0/nz/,70,cc_by_nc_sa
"Photo: (c) Grant Crawford, some rights reserved (CC BY-NC-SA);",70,cc_by_nc_sa
"Photo: (c) Elle, some rights reserved (CC BY-NC-SA);",68,cc_by_nc_sa
"Photo: (c) ctracey, some rights reserved (CC BY-NC-SA);",54,cc_by_nc_sa
"Photo: (c) Simon Oosterman Beckers, some rights reserved (CC BY-NC-SA);",51,cc_by_nc_sa
Licensed under Creative Commons Attribution-NonCommercial-ShareAlike 4.0 International CC BY-NC-SA 4.0 cc https://creativecommons.org/licenses/by-nc-sa/4.0/,49,cc_by_nc_sa
"Photo: (c) bugman-nz, some rights reserved (CC BY-NC-SA);",48,cc_by_nc_sa
"Photo: (c) grantc, some rights reserved (CC BY-NC-SA);",48,cc_by_nc_sa
CC:BY-NC-SA,47,cc_by_nc_sa
"Photo: (c) arpugh, some rights reserved (CC BY-NC-SA);",47,cc_by_nc_sa
"Photo: (c) susan_waugh, some rights reserved (CC BY-NC-SA);",47,cc_by_nc_sa
"Photo: (c) Shane Orchard, some rights reserved (CC BY-NC-SA);",46,cc_by_nc_sa
This item is licensed under a Creative Commons Attribution-NonCommercial-ShareAlike 3.0 New Zealand Licence,46,cc_by_nc_sa
"Photo: (c) bernardsmith, some rights reserved (CC BY-NC-SA);",43,cc_by_nc_sa
This work is licensed under a Creative Commons Attribution-Noncommercial-Share Alike 3.0 New Zealand License,43,cc_by_nc_sa
"Photo: (c) Nuno Veríssimo P., some rights reserved (CC BY-NC-SA);",42,cc_by_nc_sa
"Photo: (c) R Schady, some rights reserved (CC BY-NC-SA);",40,cc_by_nc_sa
"You may download, display, print or reproduce this image in an unaltered form and with acknowledgement to National Wool Museum for personal, educational and private research use. If you wish to use it for any other purposes you must obtain permission from National Wool Museum. Attribution Non Commercial ShareAlike 3.0 Unported Creative Commons http://creativecommons.org/licenses/by-nc-sa/3.0/",37,cc_by_nc_sa
"You may download, display, print or reproduce this image in an unaltered form and with acknowledgement to Federation University Australia Historical Collection  for personal, educational and private research use. If you wish to use it for any other purposes you must obtain permission from Federation University Australia Historical Collection . Attribution Non Commercial ShareAlike 3.0 Unported Creative Commons http://creativecommons.org/licenses/by-nc-sa/3.0/",36,cc_by_nc_sa
"Photo: (c) Martin, some rights reserved (CC BY-NC-SA);",34,cc_by_nc_sa
This work is licensed under a Creative Commons Attribution-NonCommercial-ShareAlike 4.0 International License.,32,cc_by_nc_sa
"Photo: (c) Jordi Tablada, some rights reserved (CC BY-NC-SA);",31,cc_by_nc_sa
Creative Commons Attribution-NonCommercial-ShareAlike (CC BY-NC-SA) 4.0,29,cc_by_nc_sa
"Attribution-NonCommercial-ShareAlike 4.0 International (With the exceptions noted in http://researcharchive.lincoln.ac.nz/page/rights, this metadata is available under a Creative Commons Zero license.)",26,cc_by_nc_sa
"Photo: (c) ishtarrose, some rights reserved (CC BY-NC-SA);",24,cc_by_nc_sa
"Photo: (c) simonnew, some rights reserved (CC BY-NC-SA);",24,cc_by_nc_sa
"Photo: (c) mstanford, some rights reserved (CC BY-NC-SA);",22,cc_by_nc_sa
"Photo: (c) Arthur Chapman, some rights reserved (CC BY-NC-SA);",19,cc_by_nc_sa
"Photo: (c) noah_siegel, some rights reserved (CC BY-NC-SA);",19,cc_by_nc_sa
"Photo: (c) Kane Fleury, some rights reserved (CC BY-NC-SA);",18,cc_by_nc_sa
"Photo: (c) jeremytaylor, some rights reserved (CC BY-NC-SA);",18,cc_by_nc_sa
"Photo: (c) standgale, some rights reserved (CC BY-NC-SA);",16,cc_by_nc_sa
"Photo: (c) tina_troup, some rights reserved (CC BY-NC-SA);",16,cc_by_nc_sa
"You may download, display, print or reproduce this image in an unaltered form and with acknowledgement to Victorian Aboriginal Corporation for Languages for personal, educational and private research use. If you wish to use it for any other purposes you must obtain permission from Victorian Aboriginal Corporation for Languages. Attribution Non Commercial ShareAlike 3.0 Unported Creative Commons http://creativecommons.org/licenses/by-nc-sa/3.0/",16,cc_by_nc_sa
"Photo: (c) thbecker, some rights reserved (CC BY-NC-SA);",15,cc_by_nc_sa
Attribution-NonCommercial-ShareAlike 3.0 Unported,14,cc_by_nc_sa
"Photo: (c) emily_r, some rights reserved (CC BY-NC-SA);",14,cc_by_nc_sa
"You may download, display, print or reproduce this image in an unaltered form and with acknowledgement to Warrnambool and District Historical Society Inc. for personal, educational and private research use. If you wish to use it for any other purposes you must obtain permission from Warrnambool and District Historical Society Inc.. Attribution Non Commercial ShareAlike 3.0 Unported Creative Commons http://creativecommons.org/licenses/by-nc-sa/3.0/",12,cc_by_nc_sa
Early New Zealand Statutes by The University of Auckland Library is licensed under a Creative Commons Attribution-NonCommercial-ShareAlike 3.0 New Zealand License.,11,cc_by_nc_sa
"Photo: (c) Hinatea Ariey, some rights reserved (CC BY-NC-SA);",11,cc_by_nc_sa
"Photo: (c) Anita, some rights reserved (CC BY-NC-SA);",10,cc_by_nc_sa
"This work is licensed under a Creative Commons Attribution-NonCommercial-ShareAlike 4.0
International License.",10,cc_by_nc_sa
"Photo: (c) Liv MW, some rights reserved (CC BY-NC-SA);",9,cc_by_nc_sa
Creative Commons Attribution-NonCommercial-ShareAlike 4.0 International,8,cc_by_nc_sa
This work is licensed under a Creative Commons Attribution-NonCommercialShareAlike 4.0 International License.,8,cc_by_nc_sa
"Photo: (c) David Winter, some rights reserved (CC BY-NC-SA);",7,cc_by_nc_sa
"Photo: (c) Judi Miller, some rights reserved (CC BY-NC-SA);",7,cc_by_nc_sa
"Photo: (c) lsjherbert, some rights reserved (CC BY-NC-SA);",7,cc_by_nc_sa
"You may download, display, print or reproduce this image in an unaltered form and with acknowledgement to Ballarat Heritage Services for personal, educational and private research use. If you wish to use it for any other purposes you must obtain permission from Ballarat Heritage Services. Attribution Non Commercial ShareAlike 3.0 Unported Creative Commons http://creativecommons.org/licenses/by-nc-sa/3.0/",7,cc_by_nc_sa
"You may download, display, print or reproduce this image in an unaltered form and with acknowledgement to Geoffrey Kaye Museum of Anaesthetic History for personal, educational and private research use. If you wish to use it for any other purposes you must obtain permission from Geoffrey Kaye Museum of Anaesthetic History. Attribution Non Commercial ShareAlike 3.0 Unported Creative Commons http://creativecommons.org/licenses/by-nc-sa/3.0/",7,cc_by_nc_sa
Creative Commons Attribution-NonCommercial-ShareAlike 4.0 International License,6,cc_by_nc_sa
Image: CC BY-NC-SA 4.0 https://creativecommons.org/licenses/by-nc-sa/4.0/ Text: Copyright National Museum of Australia / CC BY-NC https://creativecommons.org/licenses/by-nc/4.0/ Copyright National Museum of Australia / CC BY-NC,6,cc_by_nc_sa
"Photo: (c) Julian WITTISCHE, some rights reserved (CC BY-NC-SA);",6,cc_by_nc_sa
"Photo: (c) Nick Lambert, some rights reserved (CC BY-NC-SA);",6,cc_by_nc_sa
"Photo: (c) Sebastian Alejandro Echeverri, some rights reserved (CC BY-NC-SA);",6,cc_by_nc_sa
"Photo: (c) nfl68, some rights reserved (CC BY-NC-SA);",6,cc_by_nc_sa
"You may download, display, print or reproduce this image in an unaltered form and with acknowledgement to Geelong RSL Sub Branch for personal, educational and private research use. If you wish to use it for any other purposes you must obtain permission from Geelong RSL Sub Branch. Attribution Non Commercial ShareAlike 3.0 Unported Creative Commons http://creativecommons.org/licenses/by-nc-sa/3.0/",6,cc_by_nc_sa
"You may download, display, print or reproduce this image in an unaltered form and with acknowledgement to Kew Historical Society Inc for personal, educational and private research use. If you wish to use it for any other purposes you must obtain permission from Kew Historical Society Inc. Attribution Non Commercial ShareAlike 3.0 Unported Creative Commons http://creativecommons.org/licenses/by-nc-sa/3.0/",6,cc_by_nc_sa
"Photo: (c) junofish, some rights reserved (CC BY-NC-SA);",5,cc_by_nc_sa
"Photo: (c) tanzylynne, some rights reserved (CC BY-NC-SA);",5,cc_by_nc_sa
"You may download, display, print or reproduce this image in an unaltered form and with acknowledgement to Uniting Church Archives - Synod of Victoria for personal, educational and private research use. If you wish to use it for any other purposes you must obtain permission from Uniting Church Archives - Synod of Victoria. Attribution Non Commercial ShareAlike 3.0 Unported Creative Commons http://creativecommons.org/licenses/by-nc-sa/3.0/",5,cc_by_nc_sa
"Contents under Creative Commons (Attribution, Noncommercial, Share Alike).",4,cc_by_nc_sa
"Photo: (c) tbrooks, some rights reserved (CC BY-NC-SA);",4,cc_by_nc_sa
This work is licensed under the Creative Commons Attribution-NonCommercial-ShareAlike 4.0 International License.,4,cc_by_nc_sa
"This work is published under the Creative Commons 3.0 New Zealand Attribution Non-commercial Share Alike Licence (BY-NC-SA). Under this licence you are free to copy, distribute, display and perform the work as well as to remix, tweak, and build upon this work non-commercially, as long as you credit the author/s and license your new creations under the identical terms.",4,cc_by_nc_sa
Creative Commons 3.0 New Zealand Attribution Non-commercial Share Alike Licence,3,cc_by_nc_sa
Garment loan courtesy of Geraldine Tait ; This work is licensed under a Creative Commons Attribution-NonCommercial-ShareAlike 3.0 New Zealand License,3,cc_by_nc_sa
Licensed under Creative Commons CC BY-NC-SA 3.0,3,cc_by_nc_sa
"Photo: (c) gigacat, some rights reserved (CC BY-NC-SA);",3,cc_by_nc_sa
"Photo: (c) kane_fleury, some rights reserved (CC BY-NC-SA);",3,cc_by_nc_sa
This work is licensed under a Creative Commons Attribution-Noncommercial-Share Alike 4.0 License.,3,cc_by_nc_sa
"You may download, display, print or reproduce this image in an unaltered form and with acknowledgement to Orbost & District Historical Society  for personal, educational and private research use. If you wish to use it for any other purposes you must obtain permission from Orbost & District Historical Society . Attribution Non Commercial ShareAlike 3.0 Unported Creative Commons http://creativecommons.org/licenses/by-nc-sa/3.0/",3,cc_by_nc_sa
"You may download, display, print or reproduce this image in an unaltered form and with acknowledgement to Thompson's Foundry Band Inc. (Castlemaine) for personal, educational and private research use. If you wish to use it for any other purposes you must obtain permission from Thompson's Foundry Band Inc. (Castlemaine). Attribution Non Commercial ShareAlike 3.0 Unported Creative Commons http://creativecommons.org/licenses/by-nc-sa/3.0/",3,cc_by_nc_sa
© 2017 copyright with the authors. The article is published under Creative Commons Attribution-NonCommercial-ShareAlike 3.0 Unported (CC BY-NC-SA 3.0) License.,3,cc_by_nc_sa
(The Author) CC BY-NC-SA 4.0,2,cc_by_nc_sa
Attribution-NonCommercial-ShareAlike,2,cc_by_nc_sa
Creative Commons Attribution-NonCommercial-ShareAlike 3.0 International License,2,cc_by_nc_sa
Garment loan courtesy of Linda Gordon ; This work is licensed under a Creative Commons Attribution-NonCommercial-ShareAlike 3.0 New Zealand License,2,cc_by_nc_sa
Garment loan courtesy of Megan Jeffries ; This work is licensed under a Creative Commons Attribution-NonCommercial-ShareAlike 3.0 New Zealand License,2,cc_by_nc_sa
Garment loan courtesy of Niki Bezzant ; This work is licensed under a Creative Commons Attribution-NonCommercial-ShareAlike 3.0 New Zealand License,2,cc_by_nc_sa
"Photo: (c) Alex Hague, some rights reserved (CC BY-NC-SA);",2,cc_by_nc_sa
"Photo: (c) Alistair Kwan, some rights reserved (CC BY-NC-SA);",2,cc_by_nc_sa
"Photo: (c) Bernard Smith, some rights reserved (CC BY-NC-SA);",2,cc_by_nc_sa
"Photo: (c) alan_rockefeller, some rights reserved (CC BY-NC-SA);",2,cc_by_nc_sa
"Photo: (c) canadianosprey, some rights reserved (CC BY-NC-SA);",2,cc_by_nc_sa
"Photo: (c) djmoore, some rights reserved (CC BY-NC-SA);",2,cc_by_nc_sa
"Photo: (c) mark2, some rights reserved (CC BY-NC-SA);",2,cc_by_nc_sa
"Photo: (c) nessmander, some rights reserved (CC BY-NC-SA);",2,cc_by_nc_sa
"Photo: (c) thomontrip, some rights reserved (CC BY-NC-SA);",2,cc_by_nc_sa
"Photo: (c) tsinf, some rights reserved (CC BY-NC-SA);",2,cc_by_nc_sa
This article is published under a Creative Commons Attribution-NonCommercial-ShareAlike 4.0 International License.,2,cc_by_nc_sa
This work is licensed under a Creative Commons Attribution-NonCommercial-Share Alike 4.0 International License. https://creativecommons.org/licenses/by-nc-sa/4.0/,2,cc_by_nc_sa
This work is licensed under a Creative Commons Attribution-NonCommercial-ShareAlike 3.0 New Zealand License,2,cc_by_nc_sa
"You may download, display, print or reproduce this image in an unaltered form and with acknowledgement to Eltham District Historical Society Inc for personal, educational and private research use. If you wish to use it for any other purposes you must obtain permission from Eltham District Historical Society Inc. Attribution Non Commercial ShareAlike 3.0 Unported Creative Commons http://creativecommons.org/licenses/by-nc-sa/3.0/",2,cc_by_nc_sa
"You may download, display, print or reproduce this image in an unaltered form and with acknowledgement to The Beechworth Burke Museum for personal, educational and private research use. If you wish to use it for any other purposes you must obtain permission from The Beechworth Burke Museum. Attribution Non Commercial ShareAlike 3.0 Unported Creative Commons http://creativecommons.org/licenses/by-nc-sa/3.0/",2,cc_by_nc_sa
© the authors 2002. Creative Commons Attribution-Noncommercial-Share Alike 3.0.,2,cc_by_nc_sa
"2015 Kurenbach et al. This is an open-access article distributed under the terms of the
Creative Commons Attribution-Noncommercial-ShareAlike 3.0 Unported
license
, which permits unrestricted noncommercial use, distribution, and reproduction in any medium, provided the original author and source are credited.",1,cc_by_nc_sa
"2015-2016 Licensed under Creative Commons Attribution- NonCommercial -ShareAlike 3.0 Unported CC BY-NC-SA 3.0 cc https://creativecommons.org/licenses/by-nc-sa/3.0/ 
2017- Licensed under Creative Commons Attribution-NonCommercial-ShareAlike 4.0 International CC BY-NC-SA 4.0 cc https://creativecommons.org/licenses/by-nc-sa/4.0/",1,cc_by_nc_sa
"2019 Tyson, Angelo, McElwaine, and Tauro. This is an Open Access article distributed under the terms of the Creative Commons‐Attribution‐Noncommercial‐Share Alike License 4.0 International (http://creativecommons.org/licenses/by-nc-sa/4.0/), which permits unrestricted use, distribution, and reproduction in any medium, provided the original work is properly attributed, not used for commercial purposes, and, if transformed, the resulting work is redistributed under the same or similar license to this one.",1,cc_by_nc_sa
<2019 March-> Licensed under Creative Commons Attribution-NonCommercial-ShareAlike 3.0 New Zealand CC BY-NC-SA 3.0 NZ cc https://creativecommons.org/licenses/by-nc-sa/3.0/nz/,1,cc_by_nc_sa
ACL materials are Copyright (C) 1963-2009 ACL; other materials are copyrighted by their respective copyright holders. All materials here are licensed under a Creative Commons Attribution-NonCommercial-ShareAlike 3.0 License. Permission is granted to make copies for the purposes of teaching and research.,1,cc_by_nc_sa
ACL materials are Copyright (C) 1963-2015 ACL; other materials are copyrighted by their respective copyright holders. All materials here are licensed under a Creative Commons Attribution-NonCommercial-ShareAlike 3.0 License . Permission is granted to make copies for the purposes of teaching and research.,1,cc_by_nc_sa
ACL materials are Copyright © 1963-2015 ACL; other materials are copyrighted by their respective copyright holders. All materials here are licensed under the Creative Commons Attribution-NonCommercial-ShareAlike 4.0 International License. Permission is granted to make copies for the purposes of teaching and research.,1,cc_by_nc_sa
"All InTech publications are published under the Creative Commons Attribution-NonCommercial-ShareAlike 3.0 license. This license allows readers to download, copy and build upon InTech papers as long as they do this for non-commercial reasons and as long as they credit the author. Any new creation based on our authors' work must carry the same license.",1,cc_by_nc_sa
"All the contents published by this Open-Access journal could be distributed under the terms of the Creative Commons Attribution Noncommercial Share Alike 3.0 Unported License, which allows readers to alter, transform, or build upon the article and then distribute the resulting work under the same or similar license to this one. The work must be attributed back to the original author and commercial use is not permitted without specific permission.",1,cc_by_nc_sa
"All videos except ""Marla Jean"": Licensed under Creative Commons Attribution-NoDerivs 3.0 New Zealand CC BY-ND 3.0 NZ cc https://creativecommons.org/licenses/by-nd/3.0/nz/ 
Marla Jean video: Licensed under Creative Commons Attribution-NonCommercial-ShareAlike 3.0 New Zealand CC BY-NC-SA 3.0 NZ cc https://creativecommons.org/licenses/by-nc-sa/3.0/nz/",1,cc_by_nc_sa
Attribution-NonCommercial-ShareAlike 4.0,1,cc_by_nc_sa
Attribution-NonCommercial-ShareAlike 4.0 International (CC BY-NC-SA 4.0),1,cc_by_nc_sa
"Authors retain copyright of their publications.
This work is licensed under a Creative Commons Attribution-NonCommercial-ShareAlike 4.0 International License.",1,cc_by_nc_sa
CC BY-NC-SA 3.0,1,cc_by_nc_sa
CC:BY-NC-SA: This work is licensed under a Creative Commons Attribution-Noncommercial-Share Alike 3.0 New Zealand License,1,cc_by_nc_sa
Content on Asia Pacific Report by Pacific Media Centre is licensed under a Creative Commons Attribution-NonCommercial-ShareAlike 4.0 International License.,1,cc_by_nc_sa
Copyright 2014 The Authors. Made available under Creative Commons Licence Attribution-Non-Commercial-ShareAlike 3.0.,1,cc_by_nc_sa
Copyright © 2014 by Curtis J. Bonk and Elaine Khoo. Made available under Creative Commons Attribution-Noncommercial-Share Alike 3.0.,1,cc_by_nc_sa
"Copyright © 2015 Kurenbach et al. This is an open-access article distributed under the terms of the Creative Commons Attribution-Noncommercial-ShareAlike 3.0 Unported
license, which permits unrestricted noncommercial use, distribution, and reproduction in any medium, provided the original author and source are credited. (With the exceptions noted in http://researcharchive.lincoln.ac.nz/page/rights, this metadata is available under a Creative Commons Zero license.)",1,cc_by_nc_sa
"Copyright: © 2020 Howie & Ferrier-Watson. This is an open access article distributed under the terms of the Creative Commons Attribution-NonCommercial-ShareAlike License (CC BY-NC-SA), which permits unrestricted non-commercial use, sharing, adapting, distribution, and reproduction in any medium, provided the original author and source are credited",1,cc_by_nc_sa
Creative Commons Attribution Non-Commercial Share Alike Licence 4.0,1,cc_by_nc_sa
"Creative Commons Attribution Noncommercial Share-Alike 3.0 (With the exceptions noted in http://researcharchive.lincoln.ac.nz/page/rights, this metadata is available under a Creative Commons Zero license.)",1,cc_by_nc_sa
Creative Commons Attribution-NonCommercial-ShareAlike 3.0 International License.,1,cc_by_nc_sa
"Creative Commons Attribution-Noncommercial-ShareAlike license (CC BY-NC-SA 4.0). Open access to e-prints in Physics, Mathematics, Computer Science, Quantitative Biology, Quantitative Finance, Statistics, Electrical Engineering and Systems Science, and Economics",1,cc_by_nc_sa
"From twelve months after its original publication, this work is licensed under the Creative Commons Attribution-NonCommercial-Share Alike 3.0 Unported License.",1,cc_by_nc_sa
Garment loan courtesy of Alison Loughrey ; This work is licensed under a Creative Commons Attribution-NonCommercial-ShareAlike 3.0 New Zealand License,1,cc_by_nc_sa
Garment loan courtesy of Alison Milne ; This work is licensed under a Creative Commons Attribution-NonCommercial-ShareAlike 3.0 New Zealand License ; Photo courtesy of Alison Milne ; Image © Alison Milne,1,cc_by_nc_sa
Garment loan courtesy of Anna Read ; This work is licensed under a Creative Commons Attribution-NonCommercial-ShareAlike 3.0 New Zealand License,1,cc_by_nc_sa
Garment loan courtesy of Barbara Herrick ; This work is licensed under a Creative Commons Attribution-NonCommercial-ShareAlike 3.0 New Zealand License,1,cc_by_nc_sa
Garment loan courtesy of Cassandra Miller ; This work is licensed under a Creative Commons Attribution-NonCommercial-ShareAlike 3.0 New Zealand License,1,cc_by_nc_sa
Garment loan courtesy of Clare Cramond ; This work is licensed under a Creative Commons Attribution-NonCommercial-ShareAlike 3.0 New Zealand License,1,cc_by_nc_sa
Garment loan courtesy of Dolly DeStory ; This work is licensed under a Creative Commons Attribution-NonCommercial-ShareAlike 3.0 New Zealand License,1,cc_by_nc_sa
Garment loan courtesy of Fiona Ralph ; This work is licensed under a Creative Commons Attribution-NonCommercial-ShareAlike 3.0 New Zealand License,1,cc_by_nc_sa
Garment loan courtesy of Glenise Robertson ; This work is licensed under a Creative Commons Attribution-NonCommercial-ShareAlike 3.0 New Zealand License,1,cc_by_nc_sa
Garment loan courtesy of Jane Malthus ; This work is licensed under a Creative Commons Attribution-NonCommercial-ShareAlike 3.0 New Zealand License ; Image © Jane Malthus,1,cc_by_nc_sa
Garment loan courtesy of Jennie Forder (nee Goodwin) ; This work is licensed under a Creative Commons Attribution-NonCommercial-ShareAlike 3.0 New Zealand License,1,cc_by_nc_sa
Garment loan courtesy of Jennifer Evans ; This work is licensed under a Creative Commons Attribution-NonCommercial-ShareAlike 3.0 New Zealand License ; Image courtesy of Jennifer Evans,1,cc_by_nc_sa
Garment loan courtesy of Jessie Leef ; This work is licensed under a Creative Commons Attribution-NonCommercial-ShareAlike 3.0 New Zealand License,1,cc_by_nc_sa
Garment loan courtesy of Kate Morgan ; This work is licensed under a Creative Commons Attribution-NonCommercial-ShareAlike 3.0 New Zealand License,1,cc_by_nc_sa
Garment loan courtesy of Margaret Dulcie Aitken ; This work is licensed under a Creative Commons Attribution-NonCommercial-ShareAlike 3.0 New Zealand License,1,cc_by_nc_sa
Garment loan courtesy of Margo Barton ; This work is licensed under a Creative Commons Attribution-NonCommercial-ShareAlike 3.0 New Zealand License,1,cc_by_nc_sa
Garment loan courtesy of Nicky Gerard ; This work is licensed under a Creative Commons Attribution-NonCommercial-ShareAlike 3.0 New Zealand License,1,cc_by_nc_sa
Garment loan courtesy of Rena McIntyre ; This work is licensed under a Creative Commons Attribution-NonCommercial-ShareAlike 3.0 New Zealand License,1,cc_by_nc_sa
Garment loan courtesy of Rena McIntyre ; This work is licensed under a Creative Commons Attribution-NonCommercial-ShareAlike 3.0 New Zealand License ; Image © Rena McIntyre,1,cc_by_nc_sa
Garment loan courtesy of Sheryl Morgan ; This work is licensed under a Creative Commons Attribution-NonCommercial-ShareAlike 3.0 New Zealand License,1,cc_by_nc_sa
Garment loan courtesy of Susan McCarty ; This work is licensed under a Creative Commons Attribution-NonCommercial-ShareAlike 3.0 New Zealand License,1,cc_by_nc_sa
Garment loan courtesy of Vaughan Geeson ; This work is licensed under a Creative Commons Attribution-NonCommercial-ShareAlike 3.0 New Zealand License,1,cc_by_nc_sa
Garment loan courtesy of Wendy Patterson ; This work is licensed under a Creative Commons Attribution-NonCommercial-ShareAlike 3.0 New Zealand License,1,cc_by_nc_sa
IJIRES is multidisciplinary journal of educational research and innovation. It is an open access bi -monthly journal that publishes research outcomes with significant contributions to the understanding and improvement of the educational processes. This work is licensed under a Creative Commons Attribution-NonCommercial-ShareAlike 4.0 International License.,1,cc_by_nc_sa
Image © DollyDeStory ; Garment loan courtesy of Dolly DeStory ; This work is licensed under a Creative Commons Attribution-NonCommercial-ShareAlike 3.0 New Zealand License,1,cc_by_nc_sa
"Licensed under Creative Commons Attribution-NonCommercial 3.0 New Zealand CC BY-NC 3.0 NZ cc https://creativecommons.org/licenses/by-nc/3.0/nz/ 
Licensed under Creative Commons Attribution-NonCommercial-ShareAlike 3.0 New Zealand CC BY-NC-SA 3.0 NZ cc https://creativecommons.org/licenses/by-nc-sa/3.0/nz/",1,cc_by_nc_sa
Licensed under Creative Commons Attribution-NonCommercial-ShareAlike 2.0 UK: England & Wales CC BY-NC-SA 2.0 UK cc https://creativecommons.org/licenses/by-nc-sa/2.0/uk/,1,cc_by_nc_sa
Licensed under Creative Commons Attribution-NonCommercial-ShareAlike 4.0 International Attribution 4.0 International CC BY-NC-SA 4.0 cc https://creativecommons.org/licenses/by-nc-sa/4.0/,1,cc_by_nc_sa
"Licensed under Creative Commons Attribution-NonCommercial-ShareAlike 4.0 International as of January 1, 2025 CC BY-NC-SA 4.0 cc https://creativecommons.org/licenses/by-nc-sa/4.0/",1,cc_by_nc_sa
Loan courtesy of Lesley Nelson ;  This work is licensed under a Creative Commons Attribution-NonCommercial-ShareAlike 3.0 New Zealand License,1,cc_by_nc_sa
"Photo: (c) 112637320896923521863, some rights reserved (CC BY-NC-SA);",1,cc_by_nc_sa
"Photo: (c) Corin Gardiner, some rights reserved (CC BY-NC-SA);",1,cc_by_nc_sa
"Photo: (c) Jackie Grant, some rights reserved (CC BY-NC-SA);",1,cc_by_nc_sa
"Photo: (c) Julian Melville, some rights reserved (CC BY-NC-SA);",1,cc_by_nc_sa
"Photo: (c) Luca Valente, some rights reserved (CC BY-NC-SA);",1,cc_by_nc_sa
"Photo: (c) Meena Kadri, some rights reserved (CC BY-NC-SA);",1,cc_by_nc_sa
"Photo: (c) chrislee, some rights reserved (CC BY-NC-SA);",1,cc_by_nc_sa
"Photo: (c) geoffness, some rights reserved (CC BY-NC-SA);",1,cc_by_nc_sa
"Photo: (c) kjmax, some rights reserved (CC BY-NC-SA);",1,cc_by_nc_sa
"Photo: (c) maractwin, some rights reserved (CC BY-NC-SA);",1,cc_by_nc_sa
"Photo: (c) phviny, some rights reserved (CC BY-NC-SA);",1,cc_by_nc_sa
"Photo: (c) shane_orchard, some rights reserved (CC BY-NC-SA);",1,cc_by_nc_sa
Rights status not evaluated. This work is licensed for use under a Creative Commons Attribution Non-Commercial Share Alike License (CC BY-NC-SA).,1,cc_by_nc_sa
Some rights reserved. This work is made available under the Creative Commons Attribution-NonCommercial-ShareAlike 3.0 IGO licence (CC BY-NC-SA 3.0 IGO; https://creativecommons.org/licenses/by-nc-sa/3.0/igo/legalcode).,1,cc_by_nc_sa
"The articles published in the Transformations Journal are published under an Australian Creative Commons ""Attribution-Noncommercial-Share Alike 2.5 Australia"" license.",1,cc_by_nc_sa
"The entire contents of the Journal of Postgraduate Medicine are protected under Indian and international copyrights. The Journal, however, grants to all users a free, irrevocable, worldwide, perpetual right of access to, and a license to copy, use, distribute, perform and display the work publicly and to make and distribute derivative works in any digital medium for any reasonable non-commercial purpose, subject to proper attribution of authorship and ownership of the rights. The journal also grants the right to make small numbers of printed copies for their personal non-commercial use under Creative Commons Attribution-Noncommercial-Share Alike 3.0 Unported License.",1,cc_by_nc_sa
This ISCRAM2015 Proceedings copyright agreement and use license is compliant with the Creative Commons Attribution-NonCommercial-ShareAlike 4.0 International (CC BY-NC-SA 4.0) License.,1,cc_by_nc_sa
"This article has been published in the journal: Symmetry, Integrability and Geometry: Methods and Applications (SIGMA). ©2012 copyright with the authors. It is published in SIGMA under the terms of the Creative Commons Attribution-NonCommercial-ShareAlike Licence.",1,cc_by_nc_sa
"This article is published under an Australian Creative Commons ""Attribution-Noncommercial-Share Alike 2.5 Australia"" license. Further information about this license is available at creativecommons.org/licenses/by-nc-sa/2.5/au/",1,cc_by_nc_sa
This paper has been published by Pet Behaviour Science under a Creative Commons License 4.0 – Non Commercial – Share Alike – Attribution. As an open access journal it is free of charges for both authors and readers.,1,cc_by_nc_sa
This report is published under the Creative Commons 3.9 New Zealand Attribution Non-commercial Share Alike Licence (BY-NC-SA).,1,cc_by_nc_sa
"This work is licensed under a Creative
Commons Attribution-NonCommercial-
ShareAlike 4.0 International License. The images or
other third party material in this article are included
in the article’s Creative Commons license, unless
indicated otherwise in the credit line; if the material
is not included under the Creative Commons license,
users will need to obtain permission from the license
holder to reproduce the material. To view a copy
of this license, visit http://creativecommons.org/
licenses/by-nc-sa/4.0/",1,cc_by_nc_sa
This work is licensed under a Creative Commons Attribution-NonCommercial- ShareAlike 4.0 International License.,1,cc_by_nc_sa
This work is licensed under a Creative Commons Attribution-NonCommercial-ShareAlike 3.0 Unported License,1,cc_by_nc_sa
"This work is licensed under a Creative Commons Attribution-NonCommercial-ShareAlike 4.0
 International License.",1,cc_by_nc_sa
This work is licensed under a Creative Commons Attribution-NonCommercial-ShareAlike 4.0 International License,1,cc_by_nc_sa
"This work is licensed under a Creative Commons Attribution-NonCommercial-ShareAlike 4.0 International License.
(CC BY-NC-SA 4.0)",1,cc_by_nc_sa
This work is published under a Creative Commons Attribution-Non-Commercial-Share-Alike License.,1,cc_by_nc_sa
"This work is published under the
Creative
Commons 3.0 New Zealand Attribution Non-
commer
cial Sha
re Alike Licence (BY
-NC-SA
)
. 
Under this licence you a
re free to cop
y, distribute,
display and perform the work as well as to 
remix,
tweak, and build upon this work non-comme
rcially, 
as long as you c
redit the author/s and license your 
new cr
eations under the identical terms.",1,cc_by_nc_sa
"This work is published under the Creative
Commons 3.0 New Zealand Attribution Noncommercial Share Alike Licence (BY-NC-SA).
Under this licence you are free to copy, distribute,
display and perform the work as well as to remix,
tweak, and build upon this work non-commercially,
as long as you credit the author/s and license your
new creations under the identical terms.",1,cc_by_nc_sa
"This work is published under the Creative Commons 3.0 New
Zealand Attribution Non-commercial Share Alike Licence
(BY-NC-SA). Under this licence you are free to copy, distribute,
display and perform the work as well as to remix, tweak, and build
upon this work non-commercially, as long as you credit the
author/sand license your new creations under the identical terms.",1,cc_by_nc_sa
This work is published under the Creative Commons 3.0 New Zealand Attribution Non-commercial Share Alike Licence,1,cc_by_nc_sa
"This work is published under the Creative Commons 3.0 New Zealand Attribution Non-commercial Share Alike Licence (BY-NC-SA). Under this licence you are free to copy, distribute, display and perform the work as well as to remix, tweak, and build upon this work noncommercially,",1,cc_by_nc_sa
"This work is published under the Creative Commons 3.0 New Zealand Attribution Non-commercial Share Alike Licence (BY-NC-SA). Under this licence you are free to copy, distribute, display and perform the work as well as to remix, tweak, and build upon this work noncommercially, as long as you credit the author/s and license your new creations under the identical terms.",1,cc_by_nc_sa
"This work is published under the Creative Commons 3.0 New Zealand Attribution Non-commercial ShareAlike Licence (BY-NC-SA). Under this licence you are free to copy, distribute, display and perform the work as well as to remix, tweak, and build upon this work non-commercially, as long as you credit the author/s and license your new creations under the identical terms.",1,cc_by_nc_sa
"This work is published under the Creative Commons 3.0 New Zealand Attribution Noncommercial Share Alike Licence (BY-NCSA). Under this licence you are free to copy, distribute, display and perform the work as well as to remix, tweak, and build upon this work non-commercially, as long as you credit the author/s and license your new creations under the identical terms.",1,cc_by_nc_sa
Uncer a Creative Commons license Attribution-NonCommercial-ShareAlike 4.0 International (CC BY-NC-SA 4.0),1,cc_by_nc_sa
"Volume I Licensed under Creative Commons Attribution-NonCommercial-ShareAlike 3.0 Unported CC BY-NC-SA 3.0 cc https://creativecommons.org/licenses/by-nc-sa/3.0/ 
Volume II, track 1-6 Licensed under Creative Commons Attribution-NonCommercial-ShareAlike 3.0 Unported CC BY-NC-SA 3.0 cc https://creativecommons.org/licenses/by-nc-sa/3.0/ 
Volume II, track 7 Licensed under Creative Commons Attribution-NonCommercial 3.0 Unported CC BY-NC 3.0 cc https://creativecommons.org/licenses/by-nc/3.0/",1,cc_by_nc_sa
"You may download, display, print or reproduce this image in an unaltered form and with acknowledgement to Ballarat Base Hospital Trained Nurses League for personal, educational and private research use. If you wish to use it for any other purposes you must obtain permission from Ballarat Base Hospital Trained Nurses League. Attribution Non Commercial ShareAlike 3.0 Unported Creative Commons http://creativecommons.org/licenses/by-nc-sa/3.0/",1,cc_by_nc_sa
"You may download, display, print or reproduce this image in an unaltered form and with acknowledgement to Expression Australia for personal, educational and private research use. If you wish to use it for any other purposes you must obtain permission from Expression Australia. Attribution Non Commercial ShareAlike 3.0 Unported Creative Commons http://creativecommons.org/licenses/by-nc-sa/3.0/",1,cc_by_nc_sa
"You may download, display, print or reproduce this image in an unaltered form and with acknowledgement to Federation University Australia Art Collection  for personal, educational and private research use. If you wish to use it for any other purposes you must obtain permission from Federation University Australia Art Collection . Attribution Non Commercial ShareAlike 3.0 Unported Creative Commons http://creativecommons.org/licenses/by-nc-sa/3.0/",1,cc_by_nc_sa
"You may download, display, print or reproduce this image in an unaltered form and with acknowledgement to Glen Eira Historical Society for personal, educational and private research use. If you wish to use it for any other purposes you must obtain permission from Glen Eira Historical Society. Attribution Non Commercial ShareAlike 3.0 Unported Creative Commons http://creativecommons.org/licenses/by-nc-sa/3.0/",1,cc_by_nc_sa
"You may download, display, print or reproduce this image in an unaltered form and with acknowledgement to Victorian Bands' League for personal, educational and private research use. If you wish to use it for any other purposes you must obtain permission from Victorian Bands' League. Attribution Non Commercial ShareAlike 3.0 Unported Creative Commons http://creativecommons.org/licenses/by-nc-sa/3.0/",1,cc_by_nc_sa
"You may download, display, print or reproduce this image in an unaltered form and with acknowledgement to Victorian Interpretive Projects Inc. for personal, educational and private research use. If you wish to use it for any other purposes you must obtain permission from Victorian Interpretive Projects Inc.. Attribution Non Commercial ShareAlike 3.0 Unported Creative Commons http://creativecommons.org/licenses/by-nc-sa/3.0/",1,cc_by_nc_sa
© 2016 USC Annenberg School for Communication & Journalism. Published under Creative Commons Attribution-Non Commercial-Share Alike 3.0 Unported license. All rights not granted thereunder to the public are reserved to the publisher and may not be exercised without its express written permission,1,cc_by_nc_sa
"© 2017 Lees and Lees. This work is licensed under a Creative Commons Attribution-Non Commercial-ShareAlike 4.0 International License. (With the exceptions noted in http://researcharchive.lincoln.ac.nz/page/rights, this metadata is available under a Creative Commons Zero license.)",1,cc_by_nc_sa
"© 2017 The Author(s). This is an open access article under the terms of the Creative Commons Attribution‐NonCommercial‐ShareAlike License, which permits use and distribution in any medium, provided the original work is properly cited, the use is non‐commercial and the content is offered under identical terms.",1,cc_by_nc_sa
"© 2019 Lincoln Planning Review. Attribution-NonCommercial-ShareAlike 4.0 International. (With the exceptions noted in http://researcharchive.lincoln.ac.nz/page/rights, this metadata is available under a Creative Commons Zero license.)",1,cc_by_nc_sa
© Author(s) 2003. This work is licensed under the Creative Commons Attribution-NonCommercial-ShareAlike 2.5 License.,1,cc_by_nc_sa
"© Cambridge University Press 2012. The online version of this article is published within an Open Access environment subject to the
conditions of the Creative Commons Attribution-NonCommercial-ShareAlike licence .
The written permission of Cambridge University Press must be obtained for commercial re-use. (With the exceptions noted in http://researcharchive.lincoln.ac.nz/page/rights, this metadata is available under a Creative Commons Zero license.)",1,cc_by_nc_sa
"© EyeContact and all contents copyright, unless otherwise noted. Contents under Creative Commons (Attribution, Noncommercial, Share Alike).",1,cc_by_nc_sa
"© The Authors
This work is licensed under a Creative Commons Attribution-NonCommercial-ShareAlike 3.0 Unported License (With the exceptions noted in http://researcharchive.lincoln.ac.nz/page/rights, this metadata is available under a Creative Commons Zero license.)",1,cc_by_nc_sa
"© The Authors. This work is licensed under a Creative Commons Attribution-NonCommercial-ShareAlike 3.0 Unported License (With the exceptions noted in http://researcharchive.lincoln.ac.nz/page/rights, this metadata is available under a Creative Commons Zero license.)",1,cc_by_nc_sa
©2013 Copyright with the authors. This article is published in SIGMA under the terms of the Creative Commons Attribution-NonCommercial-ShareAlike Licence.,1,cc_by_nc_sa
